{"cameraMode":{"drawMode":0,"name":"Shaded","section":"Shading Mode"},"sceneLighting":false,"audioPlay":false,"sceneViewState":{"m_AlwaysRefresh":false,"showFog":true,"showSkybox":false,"showFlares":true,"showImageEffects":true,"showParticleSystems":true,"showVisualEffectGraphs":true,"m_FxEnabled":true},"in2DMode":false,"pivot":{"x":-0.6330475807189941,"y":1.7366598844528199,"z":-1.4540780782699586},"rotation":{"x":0.13404332101345063,"y":0.17153793573379517,"z":-0.02353662997484207,"w":0.9758073091506958},"size":2.1384737491607668,"orthographic":false}