{"cameraMode":{"drawMode":0,"name":"Shaded","section":"Shading Mode"},"sceneLighting":false,"audioPlay":false,"sceneViewState":{"m_AlwaysRefresh":false,"showFog":true,"showSkybox":false,"showFlares":true,"showImageEffects":true,"showParticleSystems":true,"showVisualEffectGraphs":true,"m_FxEnabled":true},"in2DMode":false,"pivot":{"x":-0.24095642566680909,"y":0.2047976851463318,"z":-0.0049294233322143559},"rotation":{"x":-0.155430868268013,"y":0.7472394108772278,"z":-0.18786655366420747,"w":-0.618229866027832},"size":2.1384737491607668,"orthographic":false}